-- Flyway V2: 平台引导/参考种子(由当前库重生)
-- 含:平台管理员/角色、套餐+配额、加量包、协议正文(三件套×中英)、平台配置默认值、语种字典。
-- 不含租户运行数据(项目/成员/会话/客户/订单等)。
-- NOTE: pf_admin 为开发态默认口令(123456),生产首次部署必须用 BCrypt 重置。

SET NAMES utf8mb4;


/*!40101 SET @OLD_CHARACTER_SET_CLIENT=@@CHARACTER_SET_CLIENT */;
/*!40101 SET @OLD_CHARACTER_SET_RESULTS=@@CHARACTER_SET_RESULTS */;
/*!40101 SET @OLD_COLLATION_CONNECTION=@@COLLATION_CONNECTION */;
/*!50503 SET NAMES utf8mb4 */;
/*!40103 SET @OLD_TIME_ZONE=@@TIME_ZONE */;
/*!40103 SET TIME_ZONE='+00:00' */;
/*!40014 SET @OLD_UNIQUE_CHECKS=@@UNIQUE_CHECKS, UNIQUE_CHECKS=0 */;
/*!40014 SET @OLD_FOREIGN_KEY_CHECKS=@@FOREIGN_KEY_CHECKS, FOREIGN_KEY_CHECKS=0 */;
/*!40101 SET @OLD_SQL_MODE=@@SQL_MODE, SQL_MODE='NO_AUTO_VALUE_ON_ZERO' */;
/*!40111 SET @OLD_SQL_NOTES=@@SQL_NOTES, SQL_NOTES=0 */;

LOCK TABLES `pf_admin_role` WRITE;
/*!40000 ALTER TABLE `pf_admin_role` DISABLE KEYS */;
INSERT INTO `pf_admin_role` (`id`, `name`, `permissions`, `create_by`, `create_time`, `update_by`, `update_time`, `del_flag`) VALUES (1,'超级管理员','[\"users\", \"tenants\", \"subscriptions\", \"orders\", \"plans\", \"addons\", \"agreements\", \"stats\", \"dict\", \"admins\", \"roles\", \"config\"]',0,'2026-06-09 11:16:29',NULL,'2026-06-18 11:24:17',0);
/*!40000 ALTER TABLE `pf_admin_role` ENABLE KEYS */;
UNLOCK TABLES;

LOCK TABLES `pf_admin` WRITE;
/*!40000 ALTER TABLE `pf_admin` DISABLE KEYS */;
INSERT INTO `pf_admin` (`id`, `username`, `password_hash`, `real_name`, `role_id`, `status`, `create_by`, `create_time`, `update_by`, `update_time`, `del_flag`) VALUES (1,'admin','$2y$10$lrPNF6.5YR/EbeYRBRC6nOynMNdZeablhUtkOIw1r/y9yiQqraoDG','Super Admin',1,1,0,'2026-06-09 11:16:29',NULL,'2026-06-12 15:53:46',0);
/*!40000 ALTER TABLE `pf_admin` ENABLE KEYS */;
UNLOCK TABLES;

LOCK TABLES `pf_plan` WRITE;
/*!40000 ALTER TABLE `pf_plan` DISABLE KEYS */;
INSERT INTO `pf_plan` (`id`, `code`, `name`, `level`, `monthly_price`, `currency`, `min_months`, `is_custom`, `features`, `status`, `create_by`, `create_time`, `update_by`, `update_time`, `del_flag`) VALUES (1,'basic','基础版',1,49.00000000,'USD',6,0,'[\"inbox\", \"messenger\", \"article\", \"site\"]',1,0,'2026-06-18 10:25:02',NULL,NULL,0),(2,'standard','标准版',2,99.00000000,'USD',6,0,'[\"inbox\", \"messenger\", \"article\", \"site\", \"flow\"]',1,0,'2026-06-18 10:25:02',NULL,NULL,0),(3,'pro','专业版',3,149.00000000,'USD',6,0,'[\"inbox\", \"messenger\", \"article\", \"site\", \"domain\", \"dedicated\", \"flow\", \"ai_employee\", \"insight\"]',1,0,'2026-06-18 10:25:02',NULL,NULL,0),(4,'flagship','旗舰版',4,199.00000000,'USD',6,0,'[\"inbox\", \"messenger\", \"article\", \"site\", \"domain\", \"dedicated\", \"flow\", \"ai_employee\", \"insight\", \"marketing\"]',1,0,'2026-06-18 10:25:02',NULL,NULL,0),(5,'custom','定制版',5,0.00000000,'USD',6,1,'[\"data_private\", \"standalone\", \"custom_domain\", \"support_247\"]',1,0,'2026-06-18 10:25:02',NULL,NULL,0);
/*!40000 ALTER TABLE `pf_plan` ENABLE KEYS */;
UNLOCK TABLES;

LOCK TABLES `pf_plan_quota` WRITE;
/*!40000 ALTER TABLE `pf_plan_quota` DISABLE KEYS */;
INSERT INTO `pf_plan_quota` (`id`, `plan_id`, `resource_type`, `amount`, `is_unlimited`, `create_by`, `create_time`, `update_by`, `update_time`, `del_flag`) VALUES (1,1,'seat',1,0,0,'2026-06-18 10:25:02',NULL,'2026-06-18 15:29:06',0),(2,1,'article',20,0,0,'2026-06-18 10:25:02',NULL,NULL,0),(3,1,'site',1,0,0,'2026-06-18 10:25:02',NULL,NULL,0),(4,1,'customer',5000,0,0,'2026-06-18 10:25:02',NULL,NULL,0),(5,1,'translate_char',1000000,0,0,'2026-06-18 10:25:02',NULL,NULL,0),(6,2,'seat',1,0,0,'2026-06-18 10:25:02',NULL,'2026-06-18 15:29:06',0),(7,2,'article',200,0,0,'2026-06-18 10:25:02',NULL,NULL,0),(8,2,'site',5,0,0,'2026-06-18 10:25:02',NULL,NULL,0),(9,2,'customer',50000,0,0,'2026-06-18 10:25:02',NULL,NULL,0),(10,2,'translate_char',5000000,0,0,'2026-06-18 10:25:02',NULL,NULL,0),(11,3,'seat',1,0,0,'2026-06-18 10:25:02',NULL,'2026-06-18 15:29:06',0),(12,3,'article',500,0,0,'2026-06-18 10:25:02',NULL,NULL,0),(13,3,'site',10,0,0,'2026-06-18 10:25:02',NULL,NULL,0),(14,3,'customer',0,1,0,'2026-06-18 10:25:02',NULL,NULL,0),(15,3,'translate_char',20000000,0,0,'2026-06-18 10:25:02',NULL,NULL,0),(16,4,'seat',1,0,0,'2026-06-18 10:25:02',NULL,'2026-06-18 15:29:06',0),(17,4,'article',0,1,0,'2026-06-18 10:25:02',NULL,NULL,0),(18,4,'site',0,1,0,'2026-06-18 10:25:02',NULL,NULL,0),(19,4,'customer',0,1,0,'2026-06-18 10:25:02',NULL,NULL,0),(20,4,'translate_char',0,1,0,'2026-06-18 10:25:02',NULL,NULL,0);
/*!40000 ALTER TABLE `pf_plan_quota` ENABLE KEYS */;
UNLOCK TABLES;

LOCK TABLES `pf_addon_pack` WRITE;
/*!40000 ALTER TABLE `pf_addon_pack` DISABLE KEYS */;
INSERT INTO `pf_addon_pack` (`id`, `code`, `name`, `resource_type`, `spec_amount`, `price`, `currency`, `status`, `create_by`, `create_time`, `update_by`, `update_time`, `del_flag`) VALUES (1,'pack_translate_1m','翻译包(100万字符)','translate_char',1000000,69.00000000,'USD',1,0,'2026-06-09 11:16:29',NULL,'2026-06-18 15:29:06',0),(2,'pack_seat_1','席位包(1个席位)','seat',1,20.00000000,'USD',1,0,'2026-06-09 11:16:29',NULL,'2026-06-18 15:38:31',0),(3,'pack_customer_1k','客户拓展包(1000客户配额)','customer',1000,20.00000000,'USD',1,0,'2026-06-17 16:37:40',NULL,NULL,0),(4,'pack_aitokens_1m','AI Tokens包(100万Tokens)','ai_tokens',1000000,20.00000000,'USD',1,0,'2026-06-18 15:29:06',NULL,NULL,0);
/*!40000 ALTER TABLE `pf_addon_pack` ENABLE KEYS */;
UNLOCK TABLES;

LOCK TABLES `pf_agreement` WRITE;
/*!40000 ALTER TABLE `pf_agreement` DISABLE KEYS */;
INSERT INTO `pf_agreement` (`id`, `type`, `language`, `title`, `content`, `version`, `status`, `create_by`, `create_time`, `update_by`, `update_time`, `del_flag`) VALUES (1,'terms','zh_CN','服务条款','<h2>aitalky 服务条款</h2>\n<p>最近更新:2026年6月。欢迎使用 aitalky(以下简称“本平台”或“我们”)。本服务条款(以下简称“本条款”)是您(以下简称“您”或“客户”,指注册并使用本平台的企业或个人)与 aitalky 运营方之间就使用本平台多租户智能客服 SaaS 服务所订立的具有法律约束力的协议。请您在注册或使用前完整阅读本条款;一旦您点击同意、注册账户或实际使用本服务,即视为您已阅读、理解并同意接受本条款全部内容。</p>\n\n<h3>一、定义</h3>\n<ul>\n<li><strong>本平台 / 服务</strong>:指 aitalky 提供的多租户智能客服 SaaS,含坐席控制台、信使端(终端访客聊天窗)、会话与消息处理、知识库、AI 辅助能力(如智能翻译、智能回复)及相关功能。</li>\n<li><strong>客户</strong>:指开通租户(项目)并使用本服务的企业或个人,亦为终端访客个人信息的“个人信息处理者/数据控制者”。</li>\n<li><strong>坐席成员</strong>:指客户授权登录坐席控制台、占用席位的工作人员。</li>\n<li><strong>终端访客</strong>:指通过信使端与客户进行咨询、对话的最终用户。</li>\n<li><strong>客户数据</strong>:指客户及其坐席成员、终端访客在使用本服务过程中产生或上传的会话消息、联系人、知识库内容等数据。</li>\n</ul>\n\n<h3>二、账户与坐席席位</h3>\n<ul>\n<li>您须提供真实、准确、完整的注册信息(邮箱等),并对账户下的全部活动负责。</li>\n<li>本平台采用邮箱+密码并辅以邮箱验证码的二次验证登录;您应妥善保管账户凭证,不得转让、出借账户。如发现账户被盗用或存在安全风险,应立即通知我们。</li>\n<li>坐席席位数量受您所订阅套餐及扩展包限制,新增坐席成员不得超过您的可用席位额度。</li>\n<li>多租户隔离:不同客户的数据在系统层面相互隔离,您不得尝试访问、干扰其他租户的数据或服务。</li>\n</ul>\n\n<h3>三、服务内容与可用性</h3>\n<ul>\n<li>我们按订阅套餐向您提供相应功能与资源配额(席位、翻译额度、客户配额、公网文章/建站点配额等)。具体计费与配额另见《套餐订阅服务协议》。</li>\n<li>我们将尽商业上合理的努力保障服务持续可用,但不承诺服务永不中断;计划内维护将尽量提前通知。</li>\n<li>AI 辅助能力(翻译、智能回复等)依赖模型推理,结果可能存在偏差,仅供辅助参考,不构成专业建议,最终判断与回复由您及坐席成员负责。</li>\n</ul>\n\n<h3>四、使用规范</h3>\n<p>您及您的坐席成员、终端访客在使用本服务时,不得从事下列行为:</p>\n<ul>\n<li>违反法律法规、公序良俗,或侵害他人合法权益(含知识产权、隐私权、名誉权等);</li>\n<li>发送垃圾信息、欺诈信息、恶意骚扰或违法违规内容;</li>\n<li>上传含病毒、木马等恶意程序的文件;</li>\n<li>未经授权访问、扫描、探测、攻击本平台系统,或绕过、破坏本平台的安全机制、配额与计费机制;</li>\n<li>利用本服务从事任何违法犯罪活动,或将服务转售、再许可给未获授权的第三方。</li>\n</ul>\n<p>如您违反上述规范,我们有权视情节采取警告、限制功能、暂停或终止服务等措施,且无需就此承担违约责任。</p>\n\n<h3>五、客户数据与各方责任</h3>\n<ul>\n<li>就终端访客的个人信息,<strong>客户为个人信息处理者(数据控制者),aitalky 为受托处理方(数据处理者)</strong>,仅依据客户的指示及本条款、《隐私政策》约定的目的处理客户数据。</li>\n<li>您应确保收集、上传、处理客户数据已获得合法授权,并已就个人信息处理向终端访客履行告知与取得同意等义务,合法合规由您负责。</li>\n<li>您对客户数据的内容合法性负责;客户数据的所有权及相关权利归您或合法权利人所有,本平台不主张其所有权。</li>\n<li>我们将依照《隐私政策》及适用法律采取合理的安全措施保护客户数据。</li>\n</ul>\n\n<h3>六、知识产权</h3>\n<p>本平台及其软件、界面、商标、文档等相关知识产权均归 aitalky 运营方或相应权利人所有。除为正常使用本服务之必要,未经书面许可,您不得复制、修改、反向工程、传播或以其他方式使用上述内容。客户数据的知识产权不因使用本服务而转移给我们。</p>\n\n<h3>七、第三方服务</h3>\n<p>本服务可能集成第三方服务(如邮件发送、对象存储、支付、AI 模型提供方等)。该等第三方服务由其各自提供方依其条款提供,我们对不可归责于我们的第三方服务问题不承担责任。</p>\n\n<h3>八、免责声明与责任限制</h3>\n<ul>\n<li>本服务按“现状”及“可获得”状态提供。在法律允许的最大范围内,我们不对服务的适销性、特定用途适用性作出默示担保。</li>\n<li>在法律允许的最大范围内,我们对因使用或无法使用本服务造成的间接、附带、惩罚性损失或数据/利润损失不承担责任;我们的累计赔偿责任以您在主张发生前 12 个月内就本服务实际支付的费用为上限。</li>\n<li>因不可抗力、第三方网络/电力故障、黑客攻击等非我们可合理控制原因导致的服务中断或数据损失,我们在法律允许范围内免责。</li>\n</ul>\n\n<h3>九、服务的变更、中止与终止</h3>\n<ul>\n<li>我们可根据运营需要对服务功能进行更新、调整,重大变更将通过平台公告或邮件通知。</li>\n<li>您可随时停止使用本服务并申请注销账户;订阅相关的退款、到期处理见《套餐订阅服务协议》。</li>\n<li>服务终止后,我们将按适用法律及《隐私政策》约定的留存期处理或删除客户数据;您应及时导出所需数据。</li>\n</ul>\n\n<h3>十、条款的修改</h3>\n<p>我们可不时修订本条款,修订后将更新版本号并在平台内公示;重大变更会以显著方式提示。修订生效后您继续使用本服务的,视为接受修订内容。</p>\n\n<h3>十一、适用法律与争议解决</h3>\n<p>本条款的订立、效力、解释与争议解决均适用中华人民共和国大陆地区法律(不含冲突法规则)。因本条款产生的争议,双方应先友好协商;协商不成的,任一方可提交 aitalky 运营方所在地有管辖权的人民法院诉讼解决。如您在中国大陆以外地区使用本服务,还应遵守所在地适用法律。</p>\n\n<h3>十二、联系我们</h3>\n<p>如对本条款有任何疑问,请通过 support@aitalky.com 与我们联系。</p>','v1.0',1,0,'2026-06-09 11:16:29',NULL,'2026-06-26 15:32:00',0),(2,'terms','en_US','Terms of Service','<h2>aitalky Terms of Service</h2>\n<p>Last updated: June 2026. Welcome to aitalky (the “Platform”, “we”, or “us”). These Terms of Service (the “Terms”) form a legally binding agreement between you (the “Customer” or “you”, meaning the business or individual that registers for and uses the Platform) and the operator of aitalky, governing your use of the aitalky multi-tenant intelligent customer-service SaaS. Please read these Terms carefully before registering or using the service. By clicking to accept, registering an account, or using the service, you acknowledge that you have read, understood, and agreed to be bound by these Terms.</p>\n\n<h3>1. Definitions</h3>\n<ul>\n<li><strong>Platform / Service</strong>: the multi-tenant intelligent customer-service SaaS provided by aitalky, including the agent console, the messenger end (the end-visitor chat widget), conversation and message processing, the knowledge base, AI-assisted capabilities (such as smart translation and smart replies), and related features.</li>\n<li><strong>Customer</strong>: the business or individual that activates a tenant (project) and uses the service, and who acts as the personal-information handler / data controller of end-visitor personal information.</li>\n<li><strong>Agent member</strong>: a staff member authorized by the Customer to log in to the agent console and occupy a seat.</li>\n<li><strong>End visitor</strong>: the end user who consults or converses with the Customer through the messenger end.</li>\n<li><strong>Customer Data</strong>: conversation messages, contacts, knowledge-base content, and other data generated or uploaded by the Customer, its agent members, and end visitors while using the service.</li>\n</ul>\n\n<h3>2. Account and Agent Seats</h3>\n<ul>\n<li>You must provide true, accurate, and complete registration information (such as an email address) and are responsible for all activity under your account.</li>\n<li>The Platform uses email and password login with email verification code as a second factor. You must safeguard your credentials and must not transfer or lend your account. Notify us immediately if you discover unauthorized use or any security risk.</li>\n<li>The number of agent seats is limited by your subscribed plan and add-on packs. You may not add agent members beyond your available seat quota.</li>\n<li>Multi-tenant isolation: the data of different Customers is isolated at the system level. You must not attempt to access or interfere with the data or service of any other tenant.</li>\n</ul>\n\n<h3>3. Service Content and Availability</h3>\n<ul>\n<li>We provide features and resource quotas (seats, translation allowance, customer quota, public article / hosted-site quota, and so on) according to your subscribed plan. Billing and quota details are set out in the Subscription Agreement.</li>\n<li>We will use commercially reasonable efforts to keep the service available but do not warrant uninterrupted operation. We will endeavor to give advance notice of scheduled maintenance.</li>\n<li>AI-assisted capabilities (translation, smart replies, and the like) rely on model inference, may contain errors, and are provided for reference only. They do not constitute professional advice; final judgment and replies remain the responsibility of you and your agent members.</li>\n</ul>\n\n<h3>4. Acceptable Use</h3>\n<p>You, your agent members, and end visitors must not, when using the service:</p>\n<ul>\n<li>violate any laws, regulations, or public morals, or infringe the lawful rights of others (including intellectual-property, privacy, and reputation rights);</li>\n<li>send spam, fraudulent messages, malicious harassment, or unlawful content;</li>\n<li>upload files containing viruses, trojans, or other malicious programs;</li>\n<li>access, scan, probe, or attack the Platform without authorization, or circumvent or break the Platform security, quota, or billing mechanisms;</li>\n<li>use the service for any unlawful activity, or resell or sublicense the service to unauthorized third parties.</li>\n</ul>\n<p>If you breach these rules, we may, depending on the severity, issue warnings, restrict features, or suspend or terminate the service, without liability for doing so.</p>\n\n<h3>5. Customer Data and Responsibilities</h3>\n<ul>\n<li>With respect to end-visitor personal information, <strong>the Customer is the personal-information handler (data controller) and aitalky is the entrusted party (data processor)</strong>, processing Customer Data only on the Customer instructions and for the purposes set out in these Terms and the Privacy Policy.</li>\n<li>You must ensure that the collection, upload, and processing of Customer Data is duly authorized, and that you have given notice to and obtained consent from end visitors as required. Lawful compliance is your responsibility.</li>\n<li>You are responsible for the lawfulness of Customer Data content. Ownership of and rights in Customer Data belong to you or the lawful rights holder; the Platform does not claim ownership of it.</li>\n<li>We will take reasonable security measures to protect Customer Data in accordance with the Privacy Policy and applicable law.</li>\n</ul>\n\n<h3>6. Intellectual Property</h3>\n<p>All intellectual-property rights in the Platform and its software, interfaces, trademarks, and documentation belong to the operator of aitalky or the respective rights holders. Except as necessary for normal use of the service, you must not copy, modify, reverse-engineer, distribute, or otherwise use such materials without written permission. Intellectual-property rights in Customer Data do not transfer to us by reason of your use of the service.</p>\n\n<h3>7. Third-Party Services</h3>\n<p>The service may integrate third-party services (such as email delivery, object storage, payment, and AI model providers). Such third-party services are provided by their respective providers under their own terms, and we are not liable for third-party service issues not attributable to us.</p>\n\n<h3>8. Disclaimers and Limitation of Liability</h3>\n<ul>\n<li>The service is provided on an “as is” and “as available” basis. To the maximum extent permitted by law, we disclaim implied warranties of merchantability and fitness for a particular purpose.</li>\n<li>To the maximum extent permitted by law, we are not liable for indirect, incidental, or punitive damages or loss of data or profits arising from use or inability to use the service. Our aggregate liability is capped at the fees you actually paid for the service in the 12 months preceding the claim.</li>\n<li>We are not liable, to the extent permitted by law, for service interruption or data loss caused by force majeure, third-party network or power failures, hacking, or other causes beyond our reasonable control.</li>\n</ul>\n\n<h3>9. Changes, Suspension, and Termination</h3>\n<ul>\n<li>We may update or adjust service features as needed for operations; material changes will be announced on the Platform or by email.</li>\n<li>You may stop using the service at any time and request account deletion. Refunds and end-of-term handling related to subscriptions are set out in the Subscription Agreement.</li>\n<li>After termination, we will handle or delete Customer Data in accordance with applicable law and the retention period set out in the Privacy Policy. You should export any data you need in a timely manner.</li>\n</ul>\n\n<h3>10. Amendments</h3>\n<p>We may revise these Terms from time to time, updating the version number and publishing the revision on the Platform; material changes will be highlighted. Your continued use of the service after the revision takes effect constitutes acceptance.</p>\n\n<h3>11. Governing Law and Disputes</h3>\n<p>These Terms are governed by and construed under the laws of the mainland of the People Republic of China (excluding conflict-of-law rules). Disputes arising from these Terms shall first be resolved through friendly negotiation; failing that, either party may bring proceedings before the competent people court at the location of the aitalky operator. If you use the service outside mainland China, you must also comply with applicable local laws.</p>\n\n<h3>12. Contact Us</h3>\n<p>If you have any questions about these Terms, please contact us at support@aitalky.com.</p>','v1.0',1,0,'2026-06-09 11:16:29',NULL,'2026-06-26 15:32:00',0),(3,'privacy','zh_CN','隐私政策','<h2>aitalky 隐私政策</h2>\n<p>最近更新:2026年6月。aitalky(以下简称“本平台”或“我们”)非常重视隐私与个人信息保护。本隐私政策说明我们在您使用多租户智能客服服务过程中如何收集、使用、存储、共享和保护信息,以及您享有的权利。请您在使用前仔细阅读。本政策适用于本平台坐席控制台、信使端及相关服务。</p>\n\n<h3>一、我们的双重角色</h3>\n<ul>\n<li>就客户(坐席企业)的账户与坐席成员信息,我们作为<strong>个人信息处理者(数据控制者)</strong>,依本政策处理。</li>\n<li>就终端访客在信使端产生的会话消息等数据,<strong>客户为个人信息处理者(数据控制者),我们为受托处理方(数据处理者)</strong>,仅按客户指示及为提供服务之目的处理,相关收集与告知由客户负责。</li>\n</ul>\n\n<h3>二、我们收集的信息</h3>\n<ul>\n<li><strong>账户与坐席信息</strong>:注册邮箱、密码(加密存储)、坐席成员的昵称、头像、角色与工作状态等。</li>\n<li><strong>业务运营信息</strong>:租户(项目)配置、知识库内容、订阅与订单信息等。</li>\n<li><strong>会话与消息内容</strong>:坐席与终端访客之间的消息、附件、联系人及发送者快照(发送时刻的昵称/头像)。</li>\n<li><strong>日志与设备信息</strong>:访问日志、IP 地址、浏览器与设备类型、操作记录等,用于安全风控与服务改进。</li>\n<li><strong>Cookie 与同类技术</strong>:用于维持登录态、保存语言/主题偏好。</li>\n</ul>\n\n<h3>三、我们如何使用信息</h3>\n<ul>\n<li>提供、维护并改进客服服务,实现登录鉴权、会话路由、消息投递、AI 翻译与智能回复等功能;</li>\n<li>进行账户与坐席席位管理、订阅计费与配额核算;</li>\n<li>保障账户与平台安全,进行验证码发送防刷、异常检测与防欺诈;</li>\n<li>在取得必要同意或符合法律规定的情形下,向您发送服务通知。</li>\n</ul>\n\n<h3>四、受托处理终端访客数据</h3>\n<p>我们仅依客户指示处理终端访客数据,不将其用于客户授权目的以外的用途,不对外出售。会话消息存储于受控数据库(如 MongoDB),并采用访问控制与多租户隔离。客户有权要求我们协助其履行对终端访客的个人信息保护义务。</p>\n\n<h3>五、Cookie 与同类技术</h3>\n<p>我们使用必要 Cookie 维持会话与偏好设置。您可通过浏览器设置管理或清除 Cookie,但禁用部分 Cookie 可能影响登录与功能使用。</p>\n\n<h3>六、信息的共享与委托</h3>\n<p>我们不会出售您的个人信息。仅在下列情形共享或委托处理,并要求对方履行同等保护义务:</p>\n<ul>\n<li><strong>服务提供方</strong>:邮件发送(SMTP)、对象存储、支付处理、AI 模型推理(如翻译/智能回复)等为提供服务所必需的供应商;</li>\n<li><strong>法律要求</strong>:依法律法规、监管或司法机关的合法要求而披露;</li>\n<li><strong>取得同意</strong>:经您或相关权利人明确同意的其他情形。</li>\n</ul>\n\n<h3>七、跨境数据传输</h3>\n<p>如服务涉及向中国大陆境外提供个人信息,我们将依《个人信息保护法》等规定履行安全评估、单独同意或采用标准合同等合规要求。面向国际客户时,我们将参照 GDPR、CCPA 等适用框架提供相应保护。</p>\n\n<h3>八、数据存储与安全</h3>\n<ul>\n<li>密码等敏感凭证采用不可逆加密(如 BCrypt)存储,绝不明文记录或打印日志;</li>\n<li>采用传输加密、访问控制、最小权限、操作审计等措施保护数据;</li>\n<li><strong>留存期限</strong>:在为实现处理目的所必需且法律要求的期限内保存;超出后将删除或匿名化。账户注销或服务终止后,我们按适用法律处理或删除相应数据。</li>\n</ul>\n\n<h3>九、您的权利</h3>\n<p>在适用法律(《个人信息保护法》等)框架下,您及终端访客就个人信息享有下列权利:</p>\n<ul>\n<li>查询、复制、更正、补充个人信息;</li>\n<li>在法定情形下删除个人信息;</li>\n<li>撤回此前作出的同意;</li>\n<li>注销账户;</li>\n<li>就个人信息处理活动进行投诉。</li>\n</ul>\n<p>终端访客如需行使权利,通常应向作为数据控制者的客户提出;我们将依约提供必要协助。您可通过 privacy@aitalky.com 联系我们行使相关权利。</p>\n\n<h3>十、未成年人保护</h3>\n<p>本服务面向企业用户及其授权坐席成员,不面向未满 14 周岁的儿童。若您认为我们可能误收集了儿童个人信息,请及时联系我们删除。</p>\n\n<h3>十一、政策更新</h3>\n<p>我们可能适时更新本政策并更新版本号。重大变更将通过平台公告或邮件显著提示;更新生效后您继续使用本服务的,视为接受更新内容。</p>\n\n<h3>十二、联系我们</h3>\n<p>如对本隐私政策或个人信息保护有任何疑问、意见或投诉,请通过 privacy@aitalky.com 与我们联系。</p>','v1.0',1,0,'2026-06-09 11:16:29',NULL,'2026-06-26 15:32:00',0),(4,'privacy','en_US','Privacy Policy','<h2>aitalky Privacy Policy</h2>\n<p>Last updated: June 2026. aitalky (the “Platform”, “we”, or “us”) takes privacy and personal-information protection seriously. This Privacy Policy explains how we collect, use, store, share, and protect information when you use the multi-tenant intelligent customer-service service, and the rights you have. Please read it carefully before use. This policy applies to the agent console, the messenger end, and related services.</p>\n\n<h3>1. Our Dual Role</h3>\n<ul>\n<li>For the account and agent-member information of Customers (the agent businesses), we act as the <strong>personal-information handler (data controller)</strong> and process it under this policy.</li>\n<li>For conversation messages and similar data generated by end visitors on the messenger end, <strong>the Customer is the personal-information handler (data controller) and we are the entrusted party (data processor)</strong>, processing only on the Customer instructions and for the purpose of providing the service. The related collection and notice obligations rest with the Customer.</li>\n</ul>\n\n<h3>2. Information We Collect</h3>\n<ul>\n<li><strong>Account and agent information</strong>: registration email, password (stored encrypted), and the nickname, avatar, role, and work status of agent members.</li>\n<li><strong>Operational information</strong>: tenant (project) configuration, knowledge-base content, subscription and order information.</li>\n<li><strong>Conversation and message content</strong>: messages, attachments, contacts, and sender snapshots (nickname/avatar at the time of sending) between agents and end visitors.</li>\n<li><strong>Logs and device information</strong>: access logs, IP address, browser and device type, and operation records, used for security risk control and service improvement.</li>\n<li><strong>Cookies and similar technologies</strong>: used to maintain login state and store language/theme preferences.</li>\n</ul>\n\n<h3>3. How We Use Information</h3>\n<ul>\n<li>to provide, maintain, and improve the customer-service offering, enabling login authentication, conversation routing, message delivery, AI translation, and smart replies;</li>\n<li>to manage accounts and agent seats and to handle subscription billing and quota accounting;</li>\n<li>to safeguard account and platform security, including anti-abuse controls on verification-code sending, anomaly detection, and fraud prevention;</li>\n<li>to send service notices where we have the necessary consent or a legal basis to do so.</li>\n</ul>\n\n<h3>4. Processing of End-Visitor Data on Entrustment</h3>\n<p>We process end-visitor data only on the Customer instructions, do not use it for purposes beyond what the Customer authorizes, and do not sell it. Conversation messages are stored in controlled databases (such as MongoDB) with access control and multi-tenant isolation. The Customer may require us to assist in fulfilling its personal-information obligations toward end visitors.</p>\n\n<h3>5. Cookies and Similar Technologies</h3>\n<p>We use necessary cookies to maintain sessions and preferences. You can manage or clear cookies through your browser settings, but disabling some cookies may affect login and functionality.</p>\n\n<h3>6. Sharing and Entrustment</h3>\n<p>We do not sell your personal information. We share or entrust processing only in the following cases, and require recipients to undertake equivalent protection obligations:</p>\n<ul>\n<li><strong>Service providers</strong>: vendors necessary to provide the service, such as email delivery (SMTP), object storage, payment processing, and AI model inference (for example translation and smart replies);</li>\n<li><strong>Legal requirements</strong>: disclosure as required by laws, regulations, or lawful requests of regulatory or judicial authorities;</li>\n<li><strong>With consent</strong>: other cases with the explicit consent of you or the relevant rights holder.</li>\n</ul>\n\n<h3>7. Cross-Border Data Transfers</h3>\n<p>Where the service involves providing personal information outside mainland China, we will meet compliance requirements under the Personal Information Protection Law and related rules, such as security assessment, separate consent, or standard contracts. For international Customers, we provide protections consistent with applicable frameworks such as the GDPR and the CCPA.</p>\n\n<h3>8. Storage and Security</h3>\n<ul>\n<li>Sensitive credentials such as passwords are stored using irreversible encryption (such as BCrypt) and are never recorded or logged in plaintext;</li>\n<li>we protect data through transport encryption, access control, least privilege, and operation auditing;</li>\n<li><strong>Retention</strong>: we retain information only for as long as necessary to fulfil the processing purposes and as required by law, after which it is deleted or anonymized. After account deletion or service termination, we handle or delete the relevant data in accordance with applicable law.</li>\n</ul>\n\n<h3>9. Your Rights</h3>\n<p>Under applicable law (such as the Personal Information Protection Law), you and end visitors have the following rights regarding personal information:</p>\n<ul>\n<li>to access, copy, correct, and supplement personal information;</li>\n<li>to delete personal information in statutory circumstances;</li>\n<li>to withdraw consent previously given;</li>\n<li>to delete your account;</li>\n<li>to lodge complaints about personal-information processing activities.</li>\n</ul>\n<p>End visitors wishing to exercise their rights should generally direct requests to the Customer acting as data controller; we will provide necessary assistance as agreed. You may contact us at privacy@aitalky.com to exercise your rights.</p>\n\n<h3>10. Protection of Minors</h3>\n<p>The service is intended for business users and their authorized agent members and is not directed at children under the age of 14. If you believe we may have inadvertently collected a child personal information, please contact us promptly so we can delete it.</p>\n\n<h3>11. Updates to This Policy</h3>\n<p>We may update this policy from time to time and update the version number. Material changes will be prominently announced on the Platform or by email; your continued use after an update takes effect constitutes acceptance.</p>\n\n<h3>12. Contact Us</h3>\n<p>If you have any questions, comments, or complaints about this Privacy Policy or personal-information protection, please contact us at privacy@aitalky.com.</p>','v1.0',1,0,'2026-06-09 11:16:29',NULL,'2026-06-26 15:32:00',0),(5,'subscription','zh_CN','套餐订阅服务协议','<h2>aitalky 套餐订阅服务协议</h2>\n<p>最近更新:2026年6月。本《套餐订阅服务协议》(以下简称“本协议”)是您与 aitalky 运营方之间就订阅、购买与使用本平台付费套餐及扩展包所订立的协议,与《服务条款》《隐私政策》共同构成完整约定。订阅前请仔细阅读;完成下单支付即视为您接受本协议。</p>\n\n<h3>一、订阅套餐与扩展包</h3>\n<ul>\n<li>本平台提供不同档位的订阅套餐(如基础版、标准版、专业版),各套餐包含相应功能与资源配额(坐席席位、翻译额度、客户配额、公网文章/建站点配额等)。</li>\n<li>除基础套餐外,您可按需购买<strong>扩展包</strong>(如翻译扩展包、AI Tokens 扩展包、坐席席位扩展包)以提升对应资源额度。</li>\n<li>各套餐与扩展包的功能、配额与价格以下单页面实际展示为准,我们可适时调整产品组合。</li>\n</ul>\n\n<h3>二、计费与起订周期</h3>\n<ul>\n<li>订阅以订阅周期(如按月)计费,部分套餐设有最短起订周期(如 6 个月),具体以套餐说明为准。</li>\n<li>计费金额、币种(如 USD)及税费以下单时页面展示为准;金额计算以高精度数值处理,避免精度误差。</li>\n<li>扩展包按其计价方式(按额度、按席位或一次性)计费。</li>\n</ul>\n\n<h3>三、订单与支付</h3>\n<ul>\n<li>您应通过本平台指定的支付渠道完成支付;订单在我们确认收款后生效。</li>\n<li>支付币种以下单时所选为准;因汇率、支付通道产生的差异由相应规则处理。</li>\n<li>请您核对订单信息后再行支付;支付成功后对应权益将按套餐生效。</li>\n</ul>\n\n<h3>四、续费与到期</h3>\n<ul>\n<li>订阅到期后,如未续费,相关付费功能与超出免费额度的资源将停止提供,但已产生的客户数据按《隐私政策》留存规则处理。</li>\n<li>若开启自动续费,我们将在到期前按约定周期与价格扣费;您可在到期前关闭自动续费。</li>\n<li>到期或降级后,若您的实际用量(如已发布文章数、站点数、坐席数)超出新额度,相关功能可能受限,您应自行调整至额度范围内。</li>\n</ul>\n\n<h3>五、配额与用量</h3>\n<ul>\n<li>各项资源(席位、翻译字符、客户配额、公网文章/站点配额、AI Tokens 等)按套餐与扩展包核定额度使用,超出额度的操作将被限制,直至您升级套餐或购买扩展包。</li>\n<li>配额用量以平台后台核算为准。您不得通过技术手段规避或破坏配额与计费机制。</li>\n</ul>\n\n<h3>六、升级、降级与变更</h3>\n<ul>\n<li>您可在订阅期内升级套餐或加购扩展包,新增权益即时生效;费用按相应规则计算。</li>\n<li>降级一般于下一订阅周期生效;降级可能导致部分功能或额度减少,由此产生的影响由您评估并承担。</li>\n</ul>\n\n<h3>七、退款政策</h3>\n<ul>\n<li>除法律强制规定或我们书面另行承诺外,已订阅并开通的服务费用原则上<strong>不予退还</strong>。</li>\n<li>因我们原因导致服务长期不可用且无法修复的,您可就受影响周期申请合理的费用补偿或按比例退款。</li>\n<li>因您违反《服务条款》被暂停或终止服务的,已付费用不予退还。</li>\n</ul>\n\n<h3>八、逾期与服务暂停</h3>\n<p>如订阅到期未续费或自动续费扣款失败,我们可暂停相应付费功能。暂停期间产生的影响由您承担;您完成续费后,我们将在合理时间内恢复相应服务。</p>\n\n<h3>九、价格调整</h3>\n<p>我们可根据运营需要调整套餐与扩展包价格,价格调整不影响您当前已生效订阅周期内的价格;调整将在续费或新订单时适用,并提前公示。</p>\n\n<h3>十、协议终止</h3>\n<p>您可停止续费以终止订阅。我们在您严重违反《服务条款》或本协议时,有权暂停或终止向您提供付费服务。协议终止后,数据处理按《隐私政策》执行。</p>\n\n<h3>十一、适用法律与争议解决</h3>\n<p>本协议适用中华人民共和国大陆地区法律。因本协议产生的争议,双方应先友好协商;协商不成的,任一方可提交 aitalky 运营方所在地有管辖权的人民法院诉讼解决。</p>\n\n<h3>十二、联系我们</h3>\n<p>如对订阅、计费或本协议有任何疑问,请通过 support@aitalky.com 与我们联系。</p>','v1.0',1,0,'2026-06-09 11:16:29',NULL,'2026-06-26 15:32:00',0),(6,'subscription','en_US','Subscription Agreement','<h2>aitalky Subscription Agreement</h2>\n<p>Last updated: June 2026. This Subscription Agreement (the “Agreement”) is entered into between you and the operator of aitalky regarding the subscription, purchase, and use of paid plans and add-on packs on the Platform. Together with the Terms of Service and the Privacy Policy, it forms the complete arrangement. Please read it carefully before subscribing; completing an order and payment constitutes acceptance of this Agreement.</p>\n\n<h3>1. Plans and Add-On Packs</h3>\n<ul>\n<li>The Platform offers subscription plans at different tiers (such as Basic, Standard, and Pro), each including corresponding features and resource quotas (agent seats, translation allowance, customer quota, public article / hosted-site quota, and so on).</li>\n<li>Beyond the base plan, you may purchase <strong>add-on packs</strong> (such as a translation pack, an AI Tokens pack, and an agent-seat pack) to increase the relevant resource limits as needed.</li>\n<li>The features, quotas, and prices of each plan and add-on pack are as displayed on the order page, and we may adjust the product lineup from time to time.</li>\n</ul>\n\n<h3>2. Billing and Minimum Term</h3>\n<ul>\n<li>Subscriptions are billed by billing cycle (for example monthly), and some plans have a minimum term (such as 6 months) as described for each plan.</li>\n<li>The amount, currency (such as USD), and taxes are as displayed at the time of ordering; amounts are computed with high-precision values to avoid rounding errors.</li>\n<li>Add-on packs are billed according to their pricing method (by allowance, by seat, or one-time).</li>\n</ul>\n\n<h3>3. Orders and Payment</h3>\n<ul>\n<li>You must complete payment through the payment channels designated by the Platform; an order takes effect after we confirm receipt of payment.</li>\n<li>The payment currency is the one selected at the time of ordering; differences arising from exchange rates or payment channels are handled under the applicable rules.</li>\n<li>Please verify your order details before paying; once payment succeeds, the corresponding entitlements take effect according to the plan.</li>\n</ul>\n\n<h3>4. Renewal and Expiry</h3>\n<ul>\n<li>If you do not renew after expiry, the paid features and resources beyond any free allowance will stop, while Customer Data already generated is handled under the Privacy Policy retention rules.</li>\n<li>If auto-renewal is enabled, we will charge before expiry at the agreed cycle and price; you may disable auto-renewal before expiry.</li>\n<li>After expiry or downgrade, if your actual usage (such as the number of published articles, sites, or seats) exceeds the new limits, the related features may be restricted, and you should adjust your usage to within the limits.</li>\n</ul>\n\n<h3>5. Quotas and Usage</h3>\n<ul>\n<li>Each resource (seats, translation characters, customer quota, public article/site quota, AI Tokens, and so on) is used within the limits set by the plan and add-on packs. Operations beyond the limits will be restricted until you upgrade the plan or purchase an add-on pack.</li>\n<li>Quota usage is determined by the Platform back-end accounting. You must not use technical means to circumvent or break the quota and billing mechanisms.</li>\n</ul>\n\n<h3>6. Upgrades, Downgrades, and Changes</h3>\n<ul>\n<li>You may upgrade your plan or purchase additional add-on packs during the subscription term; new entitlements take effect immediately and fees are calculated under the applicable rules.</li>\n<li>Downgrades generally take effect from the next billing cycle and may reduce certain features or limits; you are responsible for assessing and bearing the resulting impact.</li>\n</ul>\n\n<h3>7. Refund Policy</h3>\n<ul>\n<li>Except as required by mandatory law or otherwise committed by us in writing, fees for services already subscribed and activated are in principle <strong>non-refundable</strong>.</li>\n<li>If the service is unavailable for an extended period due to our fault and cannot be remedied, you may request reasonable compensation or a pro-rated refund for the affected cycle.</li>\n<li>If the service is suspended or terminated because you breached the Terms of Service, fees paid are non-refundable.</li>\n</ul>\n\n<h3>8. Overdue Payment and Suspension</h3>\n<p>If a subscription expires without renewal or an auto-renewal charge fails, we may suspend the corresponding paid features. You bear the impact during suspension; after you complete renewal, we will restore the service within a reasonable time.</p>\n\n<h3>9. Price Changes</h3>\n<p>We may adjust the prices of plans and add-on packs as needed for operations. Price changes do not affect the price within your current effective subscription cycle; they apply at renewal or for new orders and will be announced in advance.</p>\n\n<h3>10. Termination</h3>\n<p>You may terminate your subscription by ceasing to renew. We may suspend or terminate paid services to you if you materially breach the Terms of Service or this Agreement. After termination, data is handled in accordance with the Privacy Policy.</p>\n\n<h3>11. Governing Law and Disputes</h3>\n<p>This Agreement is governed by the laws of the mainland of the People Republic of China. Disputes arising from this Agreement shall first be resolved through friendly negotiation; failing that, either party may bring proceedings before the competent people court at the location of the aitalky operator.</p>\n\n<h3>12. Contact Us</h3>\n<p>If you have any questions about subscriptions, billing, or this Agreement, please contact us at support@aitalky.com.</p>','v1.0',1,0,'2026-06-09 11:16:29',NULL,'2026-06-26 15:32:00',0);
/*!40000 ALTER TABLE `pf_agreement` ENABLE KEYS */;
UNLOCK TABLES;

LOCK TABLES `pf_config` WRITE;
/*!40000 ALTER TABLE `pf_config` DISABLE KEYS */;
INSERT INTO `pf_config` (`id`, `config_key`, `config_value`, `name`, `remark`, `config_group`, `sort`, `status`, `create_by`, `create_time`, `update_by`, `update_time`, `del_flag`) VALUES (1,'contact_telegram','https://t.me/Peter_Bug','客服 Telegram','套餐订阅页「免费体验」横幅点击跳转的 Telegram 链接','contact',1,1,0,'2026-06-18 11:14:38',1,'2026-06-26 15:42:29',0),(2,'order_expire_hours','24','订单支付有效期(小时)','下单后订单的支付有效时长,超时自动作废','billing',2,1,0,'2026-06-18 11:14:38',NULL,NULL,0),(3,'free_trial_days','15','免费体验天数','套餐订阅页「免费体验」横幅展示的天数','billing',3,1,0,'2026-06-18 11:14:38',NULL,NULL,0),(4,'default_translate_char','200','默认翻译包(字符)','未订阅项目概览展示的翻译包默认额度(字符)','quota',4,1,0,'2026-06-18 12:26:50',1,'2026-06-24 15:48:25',0),(5,'default_ai_tokens','4000','默认AI Tokens','未订阅项目概览展示的 AI Tokens 默认额度','quota',5,1,0,'2026-06-18 12:26:50',NULL,NULL,0),(6,'default_customer','100','默认客户拓展包(配额)','未订阅项目概览展示的客户配额默认额度','quota',6,1,0,'2026-06-18 12:26:50',1,'2026-06-24 15:48:33',0);
/*!40000 ALTER TABLE `pf_config` ENABLE KEYS */;
UNLOCK TABLES;

LOCK TABLES `pf_language` WRITE;
/*!40000 ALTER TABLE `pf_language` DISABLE KEYS */;
INSERT INTO `pf_language` (`id`, `code`, `zh_name`, `en_name`, `sort`, `status`, `create_by`, `create_time`, `update_by`, `update_time`, `del_flag`) VALUES (1,'zh_CN','简体中文','Simplified Chinese',1,1,0,'2026-06-10 11:33:36',NULL,NULL,0),(2,'en_US','英文','English',2,1,0,'2026-06-10 11:33:36',NULL,NULL,0),(3,'zh_TW','繁体中文','Traditional Chinese',3,1,0,'2026-06-10 11:33:36',NULL,NULL,0),(4,'vi_VN','越南语','Vietnamese',4,1,0,'2026-06-10 11:33:36',NULL,NULL,0),(5,'my_MM','缅甸语','Burmese',5,1,0,'2026-06-10 11:33:36',NULL,NULL,0),(6,'de_DE','德语','German',6,1,0,'2026-06-10 11:33:36',NULL,NULL,0),(7,'it_IT','意大利语','Italian',7,1,0,'2026-06-10 11:33:36',NULL,NULL,0),(8,'pt_PT','葡萄牙语','Portuguese',8,1,0,'2026-06-10 11:33:36',NULL,NULL,0),(9,'ja_JP','日语','Japanese',9,1,0,'2026-06-10 11:33:36',NULL,NULL,0),(10,'ko_KR','韩语','Korean',10,1,0,'2026-06-10 11:33:36',NULL,NULL,0),(11,'id_ID','印尼语','Indonesian',11,1,0,'2026-06-10 11:33:36',NULL,NULL,0),(12,'ru_RU','俄语','Russian',12,1,0,'2026-06-10 11:33:36',NULL,NULL,0),(13,'th_TH','泰语','Thai',13,1,0,'2026-06-10 11:33:36',NULL,NULL,0),(14,'lo_LA','老挝语','Lao',14,1,0,'2026-06-10 11:33:36',NULL,NULL,0),(15,'fr_FR','法语','French',15,1,0,'2026-06-10 11:33:36',NULL,NULL,0),(16,'ms_MY','马来语','Malay',16,1,0,'2026-06-10 11:33:36',NULL,NULL,0),(17,'es_ES','西班牙语','Spanish',17,1,0,'2026-06-10 11:33:36',NULL,NULL,0),(18,'tr_TR','土耳其语','Turkish',18,1,0,'2026-06-10 11:33:36',NULL,NULL,0);
/*!40000 ALTER TABLE `pf_language` ENABLE KEYS */;
UNLOCK TABLES;
/*!40103 SET TIME_ZONE=@OLD_TIME_ZONE */;

/*!40101 SET SQL_MODE=@OLD_SQL_MODE */;
/*!40014 SET FOREIGN_KEY_CHECKS=@OLD_FOREIGN_KEY_CHECKS */;
/*!40014 SET UNIQUE_CHECKS=@OLD_UNIQUE_CHECKS */;
/*!40101 SET CHARACTER_SET_CLIENT=@OLD_CHARACTER_SET_CLIENT */;
/*!40101 SET CHARACTER_SET_RESULTS=@OLD_CHARACTER_SET_RESULTS */;
/*!40101 SET COLLATION_CONNECTION=@OLD_COLLATION_CONNECTION */;
/*!40111 SET SQL_NOTES=@OLD_SQL_NOTES */;

